{"train_loss": 0.08039645105600357, "epoch": 9, "trainer/global_step": 9729, "_timestamp": 1692549017.2780027, "_runtime": 324.1754376888275, "_step": 203, "val_loss": 0.35475045442581177, "val_acc": 0.9075015783309937}